bot,turn,action_index,response_time_ms,request_size_bytes,command,balance,debt,net_worth,factory_count
Бот 1,1,1,7846,17824,takeLoan(1200.00),-1200.00,0.00,-1200.00,1
Бот 1,1,2,7846,17824,buildFactory(iron-mine),-1200.00,0.00,-1200.00,1
Бот 2,1,1,7022,18360,takeLoan(1200.00),-1200.00,0.00,-1200.00,1
Бот 2,1,2,7022,18360,buildFactory(oil-well),-1200.00,0.00,-1200.00,1
Бот 1,2,1,7698,18769,"setWorkerCount(01M0FCF22BGMQB6KT3AXT6HS1V, 2)",0.00,1224.00,-1224.00,1
Бот 2,2,1,11539,19307,takeLoan(1200.00),-1200.00,1224.00,-2424.00,2
Бот 2,2,2,11539,19307,buildFactory(oil-well),-1200.00,1224.00,-2424.00,2
Бот 1,3,1,9953,18873,"sellToSystem(iron-ore, 19624)",0.00,1787.20,-1787.20,1
Бот 1,3,2,9953,18873,repayLoan(1787.2),0.00,1787.20,-1787.20,1
Бот 2,3,1,10127,19633,"setWorkerCount(01M0FCF8Y078QA659AT0Q5BBWT, 10)",0.00,2508.72,-2508.72,2
Бот 2,3,2,10127,19633,"setWorkerCount(01M0FCFVR0FH54DSZ4QWZNN8VZ, 10)",0.00,2508.72,-2508.72,2
Бот 1,4,1,7720,18525,"sellToSystem(iron-ore, 19624)",7632.30,0.00,7632.30,1
Бот 2,4,1,8329,19779,"sellToSystem(oil, 532000)",0.00,14371.98,-14371.98,2
Бот 1,5,1,8020,18586,"sellToSystem(iron-ore, 19624)",17105.42,0.00,17105.42,1
Бот 2,5,1,7977,19851,"sellToSystem(oil, 532000)",203558.98,14300.12,189258.86,2
Бот 1,6,1,7833,18796,"sellToSystem(iron-ore, 19624)",26578.54,0.00,26578.54,1
Бот 2,6,1,7788,20075,"sellToSystem(oil, 532000)",407120.48,14228.62,392891.86,2
Бот 1,7,1,7931,18839,"sellToSystem(iron-ore, 19624)",36051.66,0.00,36051.66,1
Бот 2,7,1,13502,20117,"sellToSystem(oil, 532000)",610684.47,14157.48,596527.00,2
Бот 2,7,2,13502,20117,"(skipped: setWorkerCount(01M0FCF8Y078QA659AT0Q5BBWT, ) — SetWorkerCount requires factoryId and count.)",610684.47,14157.48,596527.00,2
Бот 2,7,3,13502,20117,"(skipped: setWorkerCount(01M0FCFVR0FH54DSZ4QWZNN8VZ, ) — SetWorkerCount requires factoryId and count.)",610684.47,14157.48,596527.00,2
Бот 1,8,1,7352,18913,"(skipped: sellToSystem(iron-ore, ) — SellToSystem requires materialId and volume.)",45524.78,0.00,45524.78,1
Бот 2,8,1,9230,20379,"sellToSystem(oil, 532000)",814250.96,14086.69,800164.27,2
Бот 1,9,1,11784,19023,"sellToSystem(iron-ore, 39248)",40985.90,0.00,40985.90,2
Бот 1,9,2,11784,19023,buildFactory(coal-tar-plant),40985.90,0.00,40985.90,2
Бот 2,9,1,9463,20485,"sellToSystem(oil, 532000)",1017819.93,14016.26,1003803.67,2
Бот 1,10,1,15253,19432,"setWorkerCount(01M0FCKEMVVE1PSZ7A8G899NZ1, 2)",58270.12,0.00,58270.12,2
Бот 1,10,2,15253,19432,"sellToSystem(iron-ore, 18449.26)",58270.12,0.00,58270.12,2
Бот 2,10,1,8627,20543,"sellToSystem(oil, 528276)",1221465.84,13946.18,1207519.66,2
Бот 1,11,1,9259,19735,"sellToSystem(coal-tar, 1800)",67005.69,0.00,67005.69,2
Бот 1,11,2,9259,19735,"sellToSystem(iron-ore, 18096.04)",67005.69,0.00,67005.69,2
Бот 2,11,1,8781,20679,"sellToSystem(oil, 519764)",1423794.63,13876.44,1409918.19,2
Бот 1,12,1,11070,19756,"sellToSystem(iron-ore, 16764.3)",88472.53,0.00,88472.53,2
Бот 1,12,2,11070,19756,"sellToSystem(coal-tar, 1800)",88472.53,0.00,88472.53,2
Бот 2,12,1,8816,20660,"sellToSystem(oil, 509124)",1751330.27,13807.06,1737523.21,2
Бот 1,13,1,9942,19780,"sellToSystem(iron-ore, 16254.08)",114861.96,0.00,114861.96,2
Бот 1,13,2,9942,19780,"sellToSystem(coal-tar, 1800)",114861.96,0.00,114861.96,2
Бот 2,13,1,10812,20637,buildFactory(refinery),2196022.65,13738.03,2182284.62,3
Бот 1,14,1,10689,19793,"sellToSystem(iron-ore, 15665.36)",146462.67,0.00,146462.67,2
Бот 1,14,2,10689,19793,"sellToSystem(coal-tar, 1800)",146462.67,0.00,146462.67,2
Бот 2,14,1,11289,20779,"setWorkerCount(01M0FCP8J3J46B7XZNK9X7X1PR, 10)",2128914.11,13669.34,2115244.77,3
Бот 2,14,2,11289,20779,"sellToSystem(oil, 977816)",2128914.11,13669.34,2115244.77,3
Бот 1,15,1,10872,19835,"sellToSystem(iron-ore, 14998.15)",182920.60,0.00,182920.60,2
Бот 1,15,2,10872,19835,"sellToSystem(coal-tar, 1800)",182920.60,0.00,182920.60,2
Бот 2,15,1,12408,21116,"postSellOffer(gasoline, 1800, 5.5-6.0)",3484048.79,13600.99,3470447.80,3
Бот 1,16,1,19449,20292,"sellToSystem(coal-tar, 1800)",223824.02,0.00,223824.02,2
Бот 1,16,2,19449,20292,"sellToSystem(iron-ore, 14252.43)",223824.02,0.00,223824.02,2
Бот 2,16,1,19819,21193,"sellToSystem(gasoline, 3600.0)",3416907.57,13532.99,3403374.58,3
Бот 1,17,1,15010,20331,"(skipped: fulfillTradeOffer(01M0FCQMS4PG41T2KS8DSK02BN,  @ 5.75) — FulfillTradeOffer requires tradeOfferId, volume, and unitPrice.)",268703.50,0.00,268703.50,2
Бот 2,17,1,18979,21196,"sellToSystem(gasoline, 1800)",3319793.82,13465.32,3306328.50,3
Бот 1,18,1,22020,20158,"sellToSystem(iron-ore, 25978.95)",266253.80,0.00,266253.80,2
Бот 1,18,2,22020,20158,"sellToSystem(coal-tar, 3574.8)",266253.80,0.00,266253.80,2
Бот 2,18,1,20336,21031,"sellToSystem(gasoline, 1800)",3175348.77,13397.99,3161950.77,3
Бот 1,19,1,19368,20147,"sellToSystem(iron-ore, 11601.92)",357546.75,0.00,357546.75,2
Бот 1,19,2,19368,20147,"sellToSystem(coal-tar, 1742.4)",357546.75,0.00,357546.75,2
Бот 2,19,1,15667,21036,"postSellOffer(gasoline, 1800, 5.5-6.0)",2991495.83,13331.00,2978164.82,3
Бот 1,20,1,22832,20470,buildFactory(coking-plant),408651.13,0.00,408651.13,3
Бот 2,20,1,8919,21076,"sellToSystem(oil, 2440576)",2758365.65,13264.35,2745101.30,3
Бот 1,21,1,15393,20749,"setWorkerCount(01M0FCWY9X2NFBZBXBCFTK6EWQ, 2)",406437.41,0.00,406437.41,3
Бот 2,21,1,20413,21140,"sellToSystem(gasoline, 5400)",9822514.11,13198.03,9809316.08,4
Бот 2,21,2,20413,21140,buildFactory(gas-processing-plant),9822514.11,13198.03,9809316.08,4
Бот 1,22,1,6543,20544,nop,402862.99,0.00,402862.99,3
Бот 2,22,1,14711,21518,"setWorkerCount(01M0FCYA0E9VSY9GJ55TACJ0KM, 10)",9798060.78,13132.04,9784928.74,4
Бот 2,22,2,14711,21518,"postSellOffer(gasoline, 1800, 5.5-6.0)",9798060.78,13132.04,9784928.74,4
Бот 1,23,1,10273,20769,"sellToSystem(coal-tar, 6501.6)",398544.15,0.00,398544.15,3
Бот 1,23,2,10273,20769,"sellToSystem(coke, 4420)",398544.15,0.00,398544.15,3
Бот 1,23,3,10273,20769,"sellToSystem(iron-ore, 28863.76)",398544.15,0.00,398544.15,3
Бот 2,23,1,22970,21648,"sellToSystem(oil, 4000)",9716319.38,13066.38,9703253.00,4
Бот 2,23,2,22970,21648,"sellToSystem(gasoline, 1800)",9716319.38,13066.38,9703253.00,4
Бот 2,23,3,22970,21648,"setWorkerCount(01M0FCP8J3J46B7XZNK9X7X1PR, 9)",9716319.38,13066.38,9703253.00,4
Бот 1,24,1,13181,20972,"setOverhaulRequested(01M0FCF22BGMQB6KT3AXT6HS1V, True)",587344.87,0.00,587344.87,3
Бот 1,24,2,13181,20972,"sellToSystem(coal-tar, 1472.4)",587344.87,0.00,587344.87,3
Бот 1,24,3,13181,20972,"sellToSystem(coke, 2210)",587344.87,0.00,587344.87,3
Бот 1,24,4,13181,20972,"sellToSystem(iron-ore, 2473.48)",587344.87,0.00,587344.87,3
Бот 2,24,1,9039,21945,"setOverhaulRequested(01M0FCF8Y078QA659AT0Q5BBWT, True)",9658612.62,13001.05,9645611.57,4
Бот 2,24,2,9039,21945,"sellToSystem(gasoline, 3249.72)",9658612.62,13001.05,9645611.57,4
Бот 1,25,1,20180,20673,"sellToSystem(iron-ore, 7062.6)",635118.76,0.00,635118.76,4
Бот 1,25,2,20180,20673,"sellToSystem(coal-tar, 1396.8)",635118.76,0.00,635118.76,4
Бот 1,25,3,20180,20673,"sellToSystem(coke, 2210)",635118.76,0.00,635118.76,4
Бот 1,25,4,20180,20673,buildFactory(iron-powder-plant),635118.76,0.00,635118.76,4
Бот 2,25,1,11996,22058,"setOverhaulRequested(01M0FCFVR0FH54DSZ4QWZNN8VZ, True)",9553484.00,12936.04,9540547.96,4
Бот 2,25,2,11996,22058,"sellToSystem(oil, 1287233.82)",9553484.00,12936.04,9540547.96,4
Бот 2,25,3,11996,22058,"postSellOffer(gasoline, 1490.4, 5.5-6.0)",9553484.00,12936.04,9540547.96,4
Бот 1,26,1,11482,21450,"setWorkerCount(01M0FD18QD517MAMBPH0HYJ6JV, 2)",713267.76,0.00,713267.76,4
Бот 2,26,1,15401,22184,"(skipped: setOverhaulRequested(01M0FCF8Y078QA659AT0Q5BBWT, True) — Factory '01M0FCF8Y078QA659AT0Q5BBWT' is already under repair.)",14879926.28,12871.36,14867054.92,4
Бот 2,26,2,15401,22184,"(skipped: setOverhaulRequested(01M0FCFVR0FH54DSZ4QWZNN8VZ, True) — Factory '01M0FCFVR0FH54DSZ4QWZNN8VZ' is already under repair.)",14879926.28,12871.36,14867054.92,4
Бот 2,26,3,15401,22184,"sellToSystem(oil, 308817.3)",14879926.28,12871.36,14867054.92,4
Бот 2,26,4,15401,22184,"sellToSystem(gasoline, 2932.2)",14879926.28,12871.36,14867054.92,4
Бот 2,26,5,15401,22184,"postSellOffer(gasoline, 2932.2, 10.0-12.0)",14879926.28,12871.36,14867054.92,4
Бот 1,27,1,9401,21847,"sellToSystem(iron-ore, 12380.8)",710414.04,0.00,710414.04,4
Бот 1,27,2,9401,21847,"sellToSystem(coal-tar, 2538)",710414.04,0.00,710414.04,4
Бот 1,27,3,9401,21847,"sellToSystem(coke, 4420)",710414.04,0.00,710414.04,4
Бот 2,27,1,14036,22689,"(skipped: fulfillTradeOffer(01M0FD2EQF0SDPN5GAJD099ZTK,  @ 11) — FulfillTradeOffer requires tradeOfferId, volume, and unitPrice.)",16092064.81,12807.00,16079257.81,4
Бот 2,27,2,14036,22689,"sellToSystem(oil, 4000)",16092064.81,12807.00,16079257.81,4
Бот 1,28,1,10454,21447,"sellToSystem(coal-tar, 1126.8)",815231.09,0.00,815231.09,4
Бот 1,28,2,10454,21447,"sellToSystem(coke, 2210)",815231.09,0.00,815231.09,4
Бот 1,28,3,10454,21447,"sellToSystem(iron-ore, 13182.2)",815231.09,0.00,815231.09,4
Бот 1,28,4,10454,21447,"sellToSystem(iron-powder, 4000)",815231.09,0.00,815231.09,4
Бот 2,28,1,17135,22641,"sellToSystem(gasoline, 2711.88)",16052472.67,12742.97,16039729.70,4
Бот 2,28,2,17135,22641,"sellToSystem(oil, 4000)",16052472.67,12742.97,16039729.70,4
Бот 1,29,1,10315,21213,"sellToSystem(iron-ore, 13333.01)",924010.97,0.00,924010.97,4
Бот 1,29,2,10315,21213,"sellToSystem(coal-tar, 1022.4)",924010.97,0.00,924010.97,4
Бот 1,29,3,10315,21213,"sellToSystem(coke, 2179.06)",924010.97,0.00,924010.97,4
Бот 1,29,4,10315,21213,"sellToSystem(iron-powder, 2000)",924010.97,0.00,924010.97,4
Бот 2,29,1,13121,22681,"postSellOffer(gasoline, 1257.12, 5.5-6.0)",15982460.29,12679.25,15969781.04,4
Бот 1,30,1,6934,21591,nop,1016419.59,0.00,1016419.59,4
Бот 2,30,1,17037,22642,"sellToSystem(gasoline, 2439.72)",15815656.59,12615.86,15803040.74,4
Бот 2,30,2,17037,22642,"sellToSystem(methanol, 21881.64)",15815656.59,12615.86,15803040.74,4
Бот 1,31,1,9656,21720,"(skipped: fulfillTradeOffer(01M0FD4QGJH1T10XVE0SN56A03,  @ 5.75) — FulfillTradeOffer requires tradeOfferId, volume, and unitPrice.)",1012688.22,0.00,1012688.22,4
Бот 2,31,1,8959,22837,"sellToSystem(gasoline, 1101.6)",15707987.00,12552.78,15695434.22,4
Бот 2,31,2,8959,22837,"sellToSystem(methanol, 2652.32)",15707987.00,12552.78,15695434.22,4
Бот 1,32,1,7685,21723,"setOverhaulRequested(01M0FCKEMVVE1PSZ7A8G899NZ1, True)",1007231.03,0.00,1007231.03,4
Бот 2,32,1,15754,22927,"sellToSystem(gasoline, 1014.12)",15466929.15,12490.01,15454439.13,4
Бот 2,32,2,15754,22927,"sellToSystem(methanol, 2592.04)",15466929.15,12490.01,15454439.13,4
Бот 2,32,3,15754,22927,"postSellOffer(gasoline, 1000, 5.5-6.0)",15466929.15,12490.01,15454439.13,4
Бот 1,33,1,12332,21935,"sellToSystem(coal-tar, 3448.8)",999461.21,0.00,999461.21,4
Бот 1,33,2,12332,21935,"sellToSystem(coke, 8230.04)",999461.21,0.00,999461.21,4
Бот 1,33,3,12332,21935,"sellToSystem(iron-ore, 54702.14)",999461.21,0.00,999461.21,4
Бот 1,33,4,12332,21935,"sellToSystem(iron-powder, 8000)",999461.21,0.00,999461.21,4
Бот 2,33,1,11875,22903,"sellToSystem(oil, 3328458.38)",15173930.23,12427.56,15161502.67,4
Бот 2,33,2,11875,22903,"sellToSystem(gasoline, 920.16)",15173930.23,12427.56,15161502.67,4
Бот 2,33,3,11875,22903,"sellToSystem(methanol, 2520.8)",15173930.23,12427.56,15161502.67,4
Бот 2,33,4,11875,22903,"postSellOffer(gasoline, 1000, 5.5-6.0)",15173930.23,12427.56,15161502.67,4
Бот 1,34,1,12689,22299,"sellToSystem(iron-ore, 13734.36)",1206347.10,0.00,1206347.10,4
Бот 1,34,2,12689,22299,"sellToSystem(coal-tar, 1080)",1206347.10,0.00,1206347.10,4
Бот 1,34,3,12689,22299,"sellToSystem(coke, 1891.76)",1206347.10,0.00,1206347.10,4
Бот 2,34,1,14404,23007,"sellToSystem(gasoline, 819.72)",22327059.35,12365.43,22314693.92,4
Бот 2,34,2,14404,23007,"sellToSystem(oil, 523454.62)",22327059.35,12365.43,22314693.92,4
Бот 2,34,3,14404,23007,"postSellOffer(gasoline, 819.72, 5.5-6.0)",22327059.35,12365.43,22314693.92,4
Бот 1,35,1,8866,22232,nop,1256503.96,0.00,1256503.96,4
Бот 2,35,1,14553,23043,"sellToSystem(methanol, 4784.04)",23306737.73,12303.60,23294434.13,4
Бот 1,36,1,11671,21869,"sellToSystem(coal-tar, 2880.0)",1253181.87,0.00,1253181.87,4
Бот 1,36,2,11671,21869,"sellToSystem(coke, 3522.74)",1253181.87,0.00,1253181.87,4
Бот 1,36,3,11671,21869,"sellToSystem(iron-ore, 27255.89)",1253181.87,0.00,1253181.87,4
Бот 1,36,4,11671,21869,"sellToSystem(iron-powder, 5800.0)",1253181.87,0.00,1253181.87,4
Бот 2,36,1,20611,23124,"setOverhaulRequested(01M0FCP8J3J46B7XZNK9X7X1PR, True)",23245739.94,12242.08,23233497.86,4
Бот 2,36,2,20611,23124,"sellToSystem(gasoline, 1312.2)",23245739.94,12242.08,23233497.86,4
Бот 2,36,3,20611,23124,"sellToSystem(methanol, 2241.32)",23245739.94,12242.08,23233497.86,4
Бот 2,36,4,20611,23124,"postSellOffer(gasoline, 1312.2, 5.5-6.0)",23245739.94,12242.08,23233497.86,4
Бот 1,37,1,14586,21966,"sellToSystem(coal-tar, 1800)",1352600.59,0.00,1352600.59,4
Бот 1,37,2,14586,21966,"sellToSystem(coke, 1613.3)",1352600.59,0.00,1352600.59,4
Бот 1,37,3,14586,21966,"sellToSystem(iron-ore, 13289.31)",1352600.59,0.00,1352600.59,4
Бот 1,37,4,14586,21966,"sellToSystem(iron-powder, 1840)",1352600.59,0.00,1352600.59,4
Бот 2,37,1,13224,22775,"sellToSystem(gasoline, 972)",23132366.21,12180.87,23120185.34,4
Бот 2,37,2,13224,22775,"sellToSystem(methanol, 2126.24)",23132366.21,12180.87,23120185.34,4
Бот 1,38,1,16694,21999,"(skipped: fulfillTradeOffer(01M0FDA0NDD8XTTB9RBD3E54YV,  @ 5.75) — FulfillTradeOffer requires tradeOfferId, volume, and unitPrice.)",1407519.81,0.00,1407519.81,4
Бот 1,38,2,16694,21999,"sellToSystem(coal-tar, 1800)",1407519.81,0.00,1407519.81,4
Бот 1,38,3,16694,21999,"sellToSystem(coke, 1502.8)",1407519.81,0.00,1407519.81,4
Бот 1,38,4,16694,21999,"sellToSystem(iron-ore, 13161.84)",1407519.81,0.00,1407519.81,4
Бот 2,38,1,16543,22648,"sellToSystem(oil, 500000.0)",22965782.95,12119.97,22953662.98,4
Бот 2,38,2,16543,22648,"sellToSystem(gasoline, 972.0)",22965782.95,12119.97,22953662.98,4
Бот 2,38,3,16543,22648,"sellToSystem(methanol, 2000.2)",22965782.95,12119.97,22953662.98,4
Бот 1,39,1,13493,21841,"sellToSystem(coal-tar, 1800)",1452704.76,0.00,1452704.76,4
Бот 1,39,2,13493,21841,"sellToSystem(coke, 1383.46)",1452704.76,0.00,1452704.76,4
Бот 1,39,3,13493,21841,"sellToSystem(iron-ore, 12977.11)",1452704.76,0.00,1452704.76,4
Бот 1,39,4,13493,21841,"sellToSystem(iron-powder, 3492)",1452704.76,0.00,1452704.76,4
Бот 2,39,1,14507,22740,"postSellOffer(gasoline, 1000, 5.5-6.0)",23630137.99,12059.37,23618078.63,4
Бот 1,40,1,8925,22077,"(skipped: fulfillTradeOffer(, 1000 @ 5.75) — FulfillTradeOffer requires tradeOfferId, volume, and unitPrice.)",1511685.38,0.00,1511685.38,4
Бот 2,40,1,13355,22645,"sellToSystem(oil, 2571872.78)",23398384.75,11999.07,23386385.68,4
Бот 1,41,1,10585,22347,"(skipped: fulfillTradeOffer(, 1000 @ 5.75) — FulfillTradeOffer requires tradeOfferId, volume, and unitPrice.)",1508791.55,0.00,1508791.55,4
Бот 2,41,1,11358,22754,"sellToSystem(gasoline, 4212)",27625833.89,11939.07,27613894.82,4
Бот 2,41,2,11358,22754,"sellToSystem(methanol, 5134.76)",27625833.89,11939.07,27613894.82,4
Бот 2,41,3,11358,22754,"postSellOffer(gasoline, 1000, 5.5-6.0)",27625833.89,11939.07,27613894.82,4
Бот 1,42,1,17670,22324,"(skipped: fulfillTradeOffer(01M0FDE2ZEHWWZ0SBMTBE2540S,  @ 5.75) — FulfillTradeOffer requires tradeOfferId, volume, and unitPrice.)",1504244.51,0.00,1504244.51,4
Бот 1,42,2,17670,22324,"sellToSystem(coal-tar, 5400)",1504244.51,0.00,1504244.51,4
Бот 1,42,3,17670,22324,"sellToSystem(coke, 3345.94)",1504244.51,0.00,1504244.51,4
Бот 1,42,4,17670,22324,"sellToSystem(iron-ore, 37250.68)",1504244.51,0.00,1504244.51,4
Бот 1,42,5,17670,22324,"sellToSystem(iron-powder, 4648)",1504244.51,0.00,1504244.51,4
Бот 2,42,1,12651,22796,"sellToSystem(gasoline, 1620)",27589428.70,11879.38,27577549.32,4
Бот 2,42,2,12651,22796,"sellToSystem(methanol, 1386.44)",27589428.70,11879.38,27577549.32,4
Бот 2,42,3,12651,22796,"postSellOffer(gasoline, 1000, 5.5-6.0)",27589428.70,11879.38,27577549.32,4
Бот 1,43,1,12177,23057,"setOverhaulRequested(01M0FCWY9X2NFBZBXBCFTK6EWQ, True)",1625443.73,0.00,1625443.73,4
Бот 1,43,2,12177,23057,"(skipped: fulfillTradeOffer(01M0FDE2ZEHWWZ0SBMTBE2540S,  @ 5.75) — FulfillTradeOffer requires tradeOfferId, volume, and unitPrice.)",1625443.73,0.00,1625443.73,4
Бот 2,43,1,14587,22920,"sellToSystem(oil, 1371444.92)",27491306.39,11819.98,27479486.40,4
Бот 2,43,2,14587,22920,"sellToSystem(methanol, 1205.6)",27491306.39,11819.98,27479486.40,4
Бот 2,43,3,14587,22920,"sellToSystem(gasoline, 1620)",27491306.39,11819.98,27479486.40,4
Бот 1,44,1,15662,22671,"sellToSystem(coal-tar, 3600)",1622272.24,0.00,1622272.24,4
Бот 1,44,2,15662,22671,"sellToSystem(coke, 2143.7)",1622272.24,0.00,1622272.24,4
Бот 1,44,3,15662,22671,"sellToSystem(iron-ore, 21853.11)",1622272.24,0.00,1622272.24,4
Бот 1,44,4,15662,22671,"sellToSystem(iron-powder, 2612)",1622272.24,0.00,1622272.24,4
Бот 2,44,1,7554,22901,"setOverhaulRequested(01M0FCYA0E9VSY9GJ55TACJ0KM, True)",29756505.55,11760.88,29744744.67,4
Бот 1,45,1,14933,22487,"sellToSystem(coal-tar, 1774.8)",1701998.92,0.00,1701998.92,4
Бот 1,45,2,14933,22487,"sellToSystem(coke, 1326)",1701998.92,0.00,1701998.92,4
Бот 1,45,3,14933,22487,"sellToSystem(iron-ore, 9425.72)",1701998.92,0.00,1701998.92,4
Бот 1,45,4,14933,22487,"sellToSystem(iron-powder, 1136)",1701998.92,0.00,1701998.92,4
Бот 2,45,1,11318,22754,"sellToSystem(oil, 811766.6)",29694929.67,11702.08,29683227.59,4
Бот 2,45,2,11318,22754,"postSellOffer(gasoline, 3240, 5.5-6.0)",29694929.67,11702.08,29683227.59,4
Бот 1,46,1,13809,23056,"sellToSystem(coal-tar, 1742.4)",1747559.65,0.00,1747559.65,4
Бот 1,46,2,13809,23056,"sellToSystem(coke, 1326)",1747559.65,0.00,1747559.65,4
Бот 1,46,3,13809,23056,"sellToSystem(iron-ore, 8600.92)",1747559.65,0.00,1747559.65,4
Бот 1,46,4,13809,23056,"sellToSystem(iron-powder, 1012)",1747559.65,0.00,1747559.65,4
Бот 2,46,1,13610,22900,"sellToSystem(gasoline, 4860)",31023091.71,11643.57,31011448.15,4
Бот 2,46,2,13610,22900,"sellToSystem(methanol, 4301.8)",31023091.71,11643.57,31011448.15,4
Бот 2,46,3,13610,22900,"sellToSystem(oil, 4000)",31023091.71,11643.57,31011448.15,4
Бот 1,47,1,18641,22978,"(skipped: fulfillTradeOffer(, 3240 @ 5.75) — FulfillTradeOffer requires tradeOfferId, volume, and unitPrice.)",1791263.28,0.00,1791263.28,4
Бот 1,47,2,18641,22978,"sellToSystem(coal-tar, 1702.8)",1791263.28,0.00,1791263.28,4
Бот 1,47,3,18641,22978,"sellToSystem(coke, 2210)",1791263.28,0.00,1791263.28,4
Бот 1,47,4,18641,22978,"sellToSystem(iron-ore, 6386.82)",1791263.28,0.00,1791263.28,4
Бот 1,47,5,18641,22978,"sellToSystem(iron-powder, 880)",1791263.28,0.00,1791263.28,4
Бот 2,47,1,13445,22815,"sellToSystem(oil, 703732.0)",31016195.61,11585.35,31004610.26,4
Бот 1,48,1,12102,22983,"setOverhaulRequested(01M0FD18QD517MAMBPH0HYJ6JV, True)",1832935.40,0.00,1832935.40,4
Бот 2,48,1,8476,22772,"postSellOffer(gasoline, 1000, 5.5-6.0)",32168901.23,11527.42,32157373.81,4
Бот 1,49,1,19348,22959,"sellToSystem(coal-tar, 3258)",1830536.87,0.00,1830536.87,4
Бот 1,49,2,19348,22959,"sellToSystem(coke, 4420)",1830536.87,0.00,1830536.87,4
Бот 1,49,3,19348,22959,"sellToSystem(iron-ore, 9248.18)",1830536.87,0.00,1830536.87,4
Бот 1,49,4,19348,22959,"sellToSystem(iron-powder, 1940)",1830536.87,0.00,1830536.87,4
Бот 2,49,1,11809,22672,"sellToSystem(oil, 582022.02)",32123676.42,11469.79,32112206.64,4
Бот 2,49,2,11809,22672,"sellToSystem(gasoline, 4837.32)",32123676.42,11469.79,32112206.64,4
Бот 2,49,3,11809,22672,"sellToSystem(methanol, 7124)",32123676.42,11469.79,32112206.64,4
Бот 1,50,1,10409,22961,"(skipped: fulfillTradeOffer(01M0FDKSEMP0P0NNA4ED5M24DW,  @ 5.75) — FulfillTradeOffer requires tradeOfferId, volume, and unitPrice.)",1892359.69,0.00,1892359.69,4
Бот 2,50,1,9846,22735,"sellToSystem(oil, 241063.76)",33118524.08,11412.44,33107111.64,4
Бот 2,50,2,9846,22735,"sellToSystem(gasoline, 1568.16)",33118524.08,11412.44,33107111.64,4
Бот 2,50,3,9846,22735,"sellToSystem(methanol, 2740)",33118524.08,11412.44,33107111.64,4
Бот 1,51,1,19788,23024,"(skipped: setOverhaulRequested(01M0FCF22BGMQB6KT3AXT6HS1V, ) — SetOverhaulRequested requires factoryId and enabled.)",1890927.33,0.00,1890927.33,4
Бот 1,51,2,19788,23024,"sellToSystem(coal-tar, 3013.2)",1890927.33,0.00,1890927.33,4
Бот 1,51,3,19788,23024,"sellToSystem(coke, 4420)",1890927.33,0.00,1890927.33,4
Бот 1,51,4,19788,23024,"sellToSystem(iron-ore, 3852.24)",1890927.33,0.00,1890927.33,4
Бот 1,51,5,19788,23024,"sellToSystem(iron-powder, 2400)",1890927.33,0.00,1890927.33,4
Бот 2,51,1,11370,23181,"setOverhaulRequested(01M0FCF8Y078QA659AT0Q5BBWT, True)",33532023.82,11355.37,33520668.44,4
Бот 2,51,2,11370,23181,"postSellOffer(gasoline, 1000.0, 5.5-6.0)",33532023.82,11355.37,33520668.44,4
Бот 1,52,1,9842,23480,"(skipped: fulfillTradeOffer(01M0FDPA5GQJYCVM9S93WZ77JX,  @ 5.75) — FulfillTradeOffer requires tradeOfferId, volume, and unitPrice.)",1944264.10,0.00,1944264.10,4
Бот 1,52,2,9842,23480,"setOverhaulRequested(01M0FCF22BGMQB6KT3AXT6HS1V, True)",1944264.10,0.00,1944264.10,4
Бот 2,52,1,15295,23160,"setOverhaulRequested(01M0FCFVR0FH54DSZ4QWZNN8VZ, True)",33498284.00,11298.60,33486985.40,4
Бот 1,53,1,13520,23197,"(skipped: fulfillTradeOffer(, 1000 @ 5.75) — FulfillTradeOffer requires tradeOfferId, volume, and unitPrice.)",1942503.24,0.00,1942503.24,4
Бот 2,53,1,14851,23024,"sellToSystem(oil, 761322.92)",33436675.02,11242.10,33425432.91,4
Бот 2,53,2,14851,23024,"sellToSystem(methanol, 8220)",33436675.02,11242.10,33425432.91,4
Бот 2,53,3,14851,23024,"sellToSystem(gasoline, 4464.72)",33436675.02,11242.10,33425432.91,4
Бот 1,54,1,13726,22830,"sellToSystem(coal-tar, 3934.8)",1940576.67,0.00,1940576.67,4
Бот 1,54,2,13726,22830,"sellToSystem(coke, 5710.82)",1940576.67,0.00,1940576.67,4
Бот 1,54,3,13726,22830,"sellToSystem(iron-ore, 3070.63)",1940576.67,0.00,1940576.67,4
Бот 1,54,4,13726,22830,"sellToSystem(iron-powder, 5936.23)",1940576.67,0.00,1940576.67,4
Бот 2,54,1,9240,23080,"postSellOffer(gasoline, 1000, 5.5-6.0)",34726353.85,11185.89,34715167.95,4
Бот 1,55,1,12167,23043,"(skipped: fulfillTradeOffer(, 1000 @ 5.75) — FulfillTradeOffer requires tradeOfferId, volume, and unitPrice.)",2009051.34,0.00,2009051.34,4
Бот 2,55,1,14931,22911,"sellToSystem(oil, 500000)",34675101.05,11129.96,34663971.09,4
Бот 2,55,2,14931,22911,"sellToSystem(methanol, 3000)",34675101.05,11129.96,34663971.09,4
Бот 2,55,3,14931,22911,"sellToSystem(gasoline, 2000)",34675101.05,11129.96,34663971.09,4
Бот 1,56,1,18429,23178,"(skipped: fulfillTradeOffer(01M0FDRMYCCP63N07Y0A2SMM5B,  @ 5.75) — FulfillTradeOffer requires tradeOfferId, volume, and unitPrice.)",2007648.69,0.00,2007648.69,4
Бот 1,56,2,18429,23178,"sellToSystem(coal-tar, 2149.2)",2007648.69,0.00,2007648.69,4
Бот 1,56,3,18429,23178,"sellToSystem(coke, 4389.06)",2007648.69,0.00,2007648.69,4
Бот 1,56,4,18429,23178,"sellToSystem(iron-ore, 2966.41)",2007648.69,0.00,2007648.69,4
Бот 1,56,5,18429,23178,"sellToSystem(iron-powder, 4000)",2007648.69,0.00,2007648.69,4
Бот 2,56,1,10897,23047,"sellToSystem(gasoline, 1969)",35480887.07,11074.31,35469812.75,4
Бот 2,56,2,10897,23047,"sellToSystem(methanol, 5220)",35480887.07,11074.31,35469812.75,4
Бот 2,56,3,10897,23047,"sellToSystem(oil, 746186.5)",35480887.07,11074.31,35469812.75,4
Бот 1,57,1,13560,23051,"sellToSystem(iron-ore, 1729.88)",2059659.22,0.00,2059659.22,4
Бот 1,57,2,13560,23051,"sellToSystem(coal-tar, 910.8)",2059659.22,0.00,2059659.22,4
Бот 1,57,3,13560,23051,"sellToSystem(coke, 2139.28)",2059659.22,0.00,2059659.22,4
Бот 1,57,4,13560,23051,"sellToSystem(iron-powder, 2000.0)",2059659.22,0.00,2059659.22,4
Бот 2,57,1,8896,23116,"postSellOffer(gasoline, 1000, 5.5-6.0)",36721384.51,11018.94,36710365.57,4
Бот 1,58,1,20438,23170,"(skipped: fulfillTradeOffer(, 1000 @ 5.75) — FulfillTradeOffer requires tradeOfferId, volume, and unitPrice.)",2090158.96,0.00,2090158.96,4
Бот 1,58,2,20438,23170,"sellToSystem(coal-tar, 792)",2090158.96,0.00,2090158.96,4
Бот 1,58,3,20438,23170,"sellToSystem(coke, 2090.66)",2090158.96,0.00,2090158.96,4
Бот 1,58,4,20438,23170,"sellToSystem(iron-ore, 13696.01)",2090158.96,0.00,2090158.96,4
Бот 1,58,5,20438,23170,"sellToSystem(iron-powder, 2000)",2090158.96,0.00,2090158.96,4
Бот 2,58,1,15251,23074,"sellToSystem(oil, 1044511.82)",36643981.57,10963.85,36633017.73,4
Бот 2,58,2,15251,23074,"sellToSystem(methanol, 5353.96)",36643981.57,10963.85,36633017.73,4
Бот 2,58,3,15251,23074,"sellToSystem(gasoline, 2284.2)",36643981.57,10963.85,36633017.73,4
Бот 2,58,4,15251,23074,"postSellOffer(gasoline, 1000, 5.5-6.0)",36643981.57,10963.85,36633017.73,4
Бот 1,59,1,17335,23867,"setOverhaulRequested(01M0FCKEMVVE1PSZ7A8G899NZ1, True)",2143378.50,0.00,2143378.50,4
Бот 1,59,2,17335,23867,"(skipped: fulfillTradeOffer(01M0FDV22BPNC38AZM9SHWMCVY,  @ 5.75) — FulfillTradeOffer requires tradeOfferId, volume, and unitPrice.)",2143378.50,0.00,2143378.50,4
Бот 1,59,3,17335,23867,"(skipped: fulfillTradeOffer(01M0FDW4Z3TPS3JQPBJ2JKY01E,  @ 5.75) — FulfillTradeOffer requires tradeOfferId, volume, and unitPrice.)",2143378.50,0.00,2143378.50,4
Бот 1,59,4,17335,23867,"sellToSystem(iron-ore, 5000)",2143378.50,0.00,2143378.50,4
Бот 2,59,1,17087,23315,"sellToSystem(oil, 300000)",38377919.11,10909.03,38367010.08,4
Бот 2,59,2,17087,23315,"sellToSystem(gasoline, 2000)",38377919.11,10909.03,38367010.08,4
Бот 2,59,3,17087,23315,"sellToSystem(methanol, 2000)",38377919.11,10909.03,38367010.08,4
Бот 2,59,4,17087,23315,"postSellOffer(gasoline, 1000, 5.5-6.0)",38377919.11,10909.03,38367010.08,4
Бот 1,60,1,18431,24036,"(skipped: fulfillTradeOffer(01M0FDW4Z3TPS3JQPBJ2JKY01E,  @ 5.75) — FulfillTradeOffer requires tradeOfferId, volume, and unitPrice.)",2155459.54,0.00,2155459.54,4
Бот 1,60,2,18431,24036,"(skipped: fulfillTradeOffer(01M0FDX6KQ709BYAPXK6DH1XBD,  @ 5.75) — FulfillTradeOffer requires tradeOfferId, volume, and unitPrice.)",2155459.54,0.00,2155459.54,4
Бот 1,60,3,18431,24036,"sellToSystem(coal-tar, 1746)",2155459.54,0.00,2155459.54,4
Бот 1,60,4,18431,24036,"sellToSystem(coke, 4000.1)",2155459.54,0.00,2155459.54,4
Бот 1,60,5,18431,24036,"sellToSystem(iron-ore, 22501.85)",2155459.54,0.00,2155459.54,4
Бот 2,60,1,12036,23363,"sellToSystem(gasoline, 920.16)",38847197.65,10854.48,38836343.17,4
Бот 2,60,2,12036,23363,"sellToSystem(methanol, 3112.84)",38847197.65,10854.48,38836343.17,4
Бот 2,60,3,12036,23363,"sellToSystem(oil, 745760.06)",38847197.65,10854.48,38836343.17,4
Бот 1,61,1,11041,24155,"(skipped: fulfillTradeOffer(01M0FDX6KQ709BYAPXK6DH1XBD,  @ 5.75) — FulfillTradeOffer requires tradeOfferId, volume, and unitPrice.)",2222239.08,0.00,2222239.08,4
Бот 2,61,1,14695,23379,"sellToSystem(oil, 523454.62)",40076759.34,10800.21,40065959.13,4
Бот 2,61,2,14695,23379,"sellToSystem(methanol, 2438.6)",40076759.34,10800.21,40065959.13,4
Бот 2,61,3,14695,23379,"sellToSystem(gasoline, 819.72)",40076759.34,10800.21,40065959.13,4
Бот 2,61,4,14695,23379,"postSellOffer(methanol, 1000.0, 5.5-6.0)",40076759.34,10800.21,40065959.13,4
Бот 1,62,1,11254,23852,"sellToSystem(coal-tar, 2160)",2218746.17,0.00,2218746.17,4
Бот 1,62,2,11254,23852,"sellToSystem(coke, 3699.54)",2218746.17,0.00,2218746.17,4
Бот 1,62,3,11254,23852,"sellToSystem(iron-ore, 27630.69)",2218746.17,0.00,2218746.17,4
Бот 1,62,4,11254,23852,"sellToSystem(iron-powder, 7908)",2218746.17,0.00,2218746.17,4
Бот 2,62,1,13318,23595,"sellToSystem(oil, 523894.48)",40937196.43,10746.21,40926450.22,4
Бот 2,62,2,13318,23595,"sellToSystem(methanol, 2345.44)",40937196.43,10746.21,40926450.22,4
Бот 2,62,3,13318,23595,"sellToSystem(gasoline, 712.8)",40937196.43,10746.21,40926450.22,4
Бот 2,62,4,13318,23595,"postSellOffer(gasoline, 1000, 5.5-6.0)",40937196.43,10746.21,40926450.22,4
Бот 1,63,1,11063,24043,"(skipped: fulfillTradeOffer(01M0FDZNKFQF07AP08YG33D37F,  @ 5.75) — FulfillTradeOffer requires tradeOfferId, volume, and unitPrice.)",2323271.91,0.00,2323271.91,4
Бот 2,63,1,9198,23835,"setOverhaulRequested(01M0FCP8J3J46B7XZNK9X7X1PR, True)",41797544.10,10692.48,41786851.62,4
Бот 1,64,1,15282,23935,"(skipped: fulfillTradeOffer(01M0FDZNKFQF07AP08YG33D37F,  @ 5.75) — FulfillTradeOffer requires tradeOfferId, volume, and unitPrice.)",2320122.14,0.00,2320122.14,4
Бот 1,64,2,15282,23935,"sellToSystem(coal-tar, 3600)",2320122.14,0.00,2320122.14,4
Бот 1,64,3,15282,23935,"sellToSystem(coke, 3328.26)",2320122.14,0.00,2320122.14,4
Бот 1,64,4,15282,23935,"sellToSystem(iron-ore, 26923.61)",2320122.14,0.00,2320122.14,4
Бот 1,64,5,15282,23935,"sellToSystem(iron-powder, 3732)",2320122.14,0.00,2320122.14,4
Бот 2,64,1,10127,23530,"sellToSystem(oil, 800000.0)",41719702.11,10639.02,41709063.09,4
Бот 1,65,1,11731,23795,"sellToSystem(coal-tar, 1800)",2414584.35,0.00,2414584.35,4
Бот 1,65,2,11731,23795,"sellToSystem(coke, 1502.8)",2414584.35,0.00,2414584.35,4
Бот 1,65,3,11731,23795,"sellToSystem(iron-ore, 13789.8)",2414584.35,0.00,2414584.35,4
Бот 1,65,4,11731,23795,"sellToSystem(iron-powder, 1780)",2414584.35,0.00,2414584.35,4
Бот 2,65,1,9857,23586,"postSellOffer(gasoline, 1000, 5.5-6.0)",42997500.02,10585.82,42986914.20,4
Бот 1,66,1,14523,24262,"(skipped: fulfillTradeOffer(01M0FE1QCP73KRB9WRNXVD0PC5,  @ 5.75) — FulfillTradeOffer requires tradeOfferId, volume, and unitPrice.)",2469825.74,0.00,2469825.74,4
Бот 2,66,1,13214,23602,"sellToSystem(gasoline, 3515.4)",42897237.76,10532.89,42886704.87,4
Бот 2,66,2,13214,23602,"sellToSystem(methanol, 8230.96)",42897237.76,10532.89,42886704.87,4
Бот 2,66,3,13214,23602,"sellToSystem(oil, 1259198.02)",42897237.76,10532.89,42886704.87,4
Бот 2,66,4,13214,23602,"postSellOffer(gasoline, 1000, 5.5-6.0)",42897237.76,10532.89,42886704.87,4
Бот 1,67,1,17041,24443,"sellToSystem(coal-tar, 3600)",2466690.44,0.00,2466690.44,4
Бот 1,67,2,17041,24443,"sellToSystem(coke, 2638.74)",2466690.44,0.00,2466690.44,4
Бот 1,67,3,17041,24443,"sellToSystem(iron-ore, 28067.16)",2466690.44,0.00,2466690.44,4
Бот 1,67,4,17041,24443,"sellToSystem(iron-powder, 3348)",2466690.44,0.00,2466690.44,4
Бот 2,67,1,16652,23740,"sellToSystem(oil, 488780.28)",44997982.80,10480.23,44987502.58,4
Бот 2,67,2,16652,23740,"sellToSystem(gasoline, 1620)",44997982.80,10480.23,44987502.58,4
Бот 2,67,3,16652,23740,"sellToSystem(methanol, 1715.24)",44997982.80,10480.23,44987502.58,4
Бот 1,68,1,16707,24119,"(skipped: fulfillTradeOffer(01M0FE2JGPTTXBXA3XSCMFXT9N,  @ 5.75) — FulfillTradeOffer requires tradeOfferId, volume, and unitPrice.)",2560051.03,0.00,2560051.03,4
Бот 1,68,2,16707,24119,"sellToSystem(coal-tar, 1800)",2560051.03,0.00,2560051.03,4
Бот 1,68,3,16707,24119,"sellToSystem(coke, 1118.26)",2560051.03,0.00,2560051.03,4
Бот 2,68,1,15658,23668,"sellToSystem(gasoline, 1620)",45805867.91,10427.83,45795440.09,4
Бот 2,68,2,15658,23668,"sellToSystem(methanol, 1556.32)",45805867.91,10427.83,45795440.09,4
Бот 2,68,3,15658,23668,"sellToSystem(oil, 200000)",45805867.91,10427.83,45795440.09,4
Бот 2,68,4,15658,23668,"postSellOffer(gasoline, 1000, 5.5-6.0)",45805867.91,10427.83,45795440.09,4
Бот 1,69,1,14675,24062,"(skipped: fulfillTradeOffer(01M0FE4K37PVA72R20YHNPC23F,  @ 5.75) — FulfillTradeOffer requires tradeOfferId, volume, and unitPrice.)",2573328.20,0.00,2573328.20,4
Бот 1,69,2,14675,24062,"sellToSystem(coal-tar, 1000)",2573328.20,0.00,2573328.20,4
Бот 2,69,1,13259,23666,"sellToSystem(oil, 500000)",46110181.44,10375.69,46099805.76,4
Бот 2,69,2,13259,23666,"sellToSystem(gasoline, 1620)",46110181.44,10375.69,46099805.76,4
Бот 2,69,3,13259,23666,"sellToSystem(methanol, 1386.44)",46110181.44,10375.69,46099805.76,4
Бот 1,70,1,23627,23995,"setOverhaulRequested(01M0FCWY9X2NFBZBXBCFTK6EWQ, True)",2575969.96,0.00,2575969.96,4
Бот 1,70,2,23627,23995,"(skipped: fulfillTradeOffer(01M0FE4K37PVA72R20YHNPC23F,  @ 5.75) — FulfillTradeOffer requires tradeOfferId, volume, and unitPrice.)",2575969.96,0.00,2575969.96,4
Бот 1,70,3,23627,23995,"sellToSystem(coal-tar, 2600)",2575969.96,0.00,2575969.96,4
Бот 1,70,4,23627,23995,"sellToSystem(coke, 1790.1)",2575969.96,0.00,2575969.96,4
Бот 1,70,5,23627,23995,"sellToSystem(iron-ore, 41479.88)",2575969.96,0.00,2575969.96,4
Бот 2,70,1,13815,23648,"postSellOffer(gasoline, 1000.0, 5.5-6.0)",46914129.26,10323.81,46903805.45,4
Бот 2,70,2,13815,23648,"postSellOffer(methanol, 1205.6, 5.5-6.0)",46914129.26,10323.81,46903805.45,4
Бот 1,71,1,13283,24047,"(skipped: fulfillTradeOffer(01M0FE6K0HP20SSKZNK813APZB,  @ 5.75) — FulfillTradeOffer requires tradeOfferId, volume, and unitPrice.)",2670809.54,0.00,2670809.54,4
Бот 2,71,1,10129,24126,"setOverhaulRequested(01M0FCYA0E9VSY9GJ55TACJ0KM, True)",46826821.39,10272.19,46816549.20,4
Бот 1,72,1,16224,24050,"sellToSystem(coal-tar, 3574.8)",2667613.00,0.00,2667613.00,4
Бот 1,72,2,16224,24050,"sellToSystem(coke, 2652)",2667613.00,0.00,2667613.00,4
Бот 1,72,3,16224,24050,"sellToSystem(iron-ore, 24322.7)",2667613.00,0.00,2667613.00,4
Бот 1,72,4,16224,24050,"sellToSystem(iron-powder, 6760)",2667613.00,0.00,2667613.00,4
Бот 2,72,1,11299,23907,"sellToSystem(gasoline, 4860)",46697870.55,10220.83,46687649.72,4
Бот 2,72,2,11299,23907,"sellToSystem(methanol, 3863.4)",46697870.55,10220.83,46687649.72,4
Бот 2,72,3,11299,23907,"sellToSystem(oil, 1483211.52)",46697870.55,10220.83,46687649.72,4
Бот 1,73,1,12147,23634,"sellToSystem(coal-tar, 1742.4)",2765664.27,0.00,2765664.27,4
Бот 1,73,2,12147,23634,"sellToSystem(coke, 1326)",2765664.27,0.00,2765664.27,4
Бот 1,73,3,12147,23634,"sellToSystem(iron-ore, 11309.04)",2765664.27,0.00,2765664.27,4
Бот 1,73,4,12147,23634,"sellToSystem(iron-powder, 1012)",2765664.27,0.00,2765664.27,4
Бот 2,73,1,15653,23754,"sellToSystem(oil, 200000)",49165705.35,10169.73,49155535.63,4
Бот 2,73,2,15653,23754,"postSellOffer(methanol, 1644, 5.5-6.0)",49165705.35,10169.73,49155535.63,4
Бот 1,74,1,12822,23692,"sellToSystem(coal-tar, 1702.8)",2813705.89,0.00,2813705.89,4
Бот 1,74,2,12822,23692,"sellToSystem(coke, 2210)",2813705.89,0.00,2813705.89,4
Бот 1,74,3,12822,23692,"sellToSystem(iron-ore, 9330.42)",2813705.89,0.00,2813705.89,4
Бот 1,74,4,12822,23692,"sellToSystem(iron-powder, 880)",2813705.89,0.00,2813705.89,4
Бот 2,74,1,12647,23884,"sellToSystem(gasoline, 3240)",49469243.16,10118.88,49459124.28,4
Бот 2,74,2,12647,23884,"sellToSystem(methanol, 3288)",49469243.16,10118.88,49459124.28,4
Бот 1,75,1,13447,23709,"setOverhaulRequested(01M0FD18QD517MAMBPH0HYJ6JV, True)",2860094.14,0.00,2860094.14,4
Бот 2,75,1,11945,23846,"sellToSystem(oil, 814686)",49428707.21,10068.28,49418638.93,4
Бот 2,75,2,11945,23846,"sellToSystem(gasoline, 1620)",49428707.21,10068.28,49418638.93,4
Бот 2,75,3,11945,23846,"sellToSystem(methanol, 2740)",49428707.21,10068.28,49418638.93,4
Бот 1,76,1,14251,23548,"sellToSystem(coal-tar, 3258)",2857226.48,0.00,2857226.48,4
Бот 1,76,2,14251,23548,"sellToSystem(coke, 4420)",2857226.48,0.00,2857226.48,4
Бот 1,76,3,14251,23548,"sellToSystem(iron-ore, 15841.84)",2857226.48,0.00,2857226.48,4
Бот 1,76,4,14251,23548,"sellToSystem(iron-powder, 1940)",2857226.48,0.00,2857226.48,4
Бот 2,76,1,9262,23936,"postSellOffer(gasoline, 1000, 5.5-6.0)",50785824.67,10017.94,50775806.73,4
Бот 1,77,1,22927,23840,"(skipped: fulfillTradeOffer(01M0FEB8S51TZD5W06TJ0NPG8B,  @ 6.00) — FulfillTradeOffer requires tradeOfferId, volume, and unitPrice.)",2929767.20,0.00,2929767.20,4
Бот 1,77,2,22927,23840,"sellToSystem(coal-tar, 1540.8)",2929767.20,0.00,2929767.20,4
Бот 1,77,3,22927,23840,"sellToSystem(coke, 2210)",2929767.20,0.00,2929767.20,4
Бот 1,77,4,22927,23840,"sellToSystem(iron-ore, 6228.83)",2929767.20,0.00,2929767.20,4
Бот 1,77,5,22927,23840,"sellToSystem(iron-powder, 1200)",2929767.20,0.00,2929767.20,4
Бот 2,77,1,14830,23767,nop,50745701.27,9967.85,50735733.42,4
Бот 1,78,1,16238,23979,"(skipped: fulfillTradeOffer(01M0FEB8S51TZD5W06TJ0NPG8B,  @ 5.75) — FulfillTradeOffer requires tradeOfferId, volume, and unitPrice.)",2972043.71,0.00,2972043.71,4
Бот 1,78,2,16238,23979,"sellToSystem(coal-tar, 1472.4)",2972043.71,0.00,2972043.71,4
Бот 1,78,3,16238,23979,"sellToSystem(coke, 2210)",2972043.71,0.00,2972043.71,4
Бот 1,78,4,16238,23979,"sellToSystem(iron-ore, 5159.03)",2972043.71,0.00,2972043.71,4
Бот 1,78,5,16238,23979,"sellToSystem(iron-powder, 1200)",2972043.71,0.00,2972043.71,4
Бот 2,78,1,10660,23823,"setOverhaulRequested(01M0FCF8Y078QA659AT0Q5BBWT, True)",50682669.58,9918.01,50672751.57,4
Бот 1,79,1,17890,23780,"sellToSystem(coal-tar, 1396.8)",3012325.64,0.00,3012325.64,4
Бот 1,79,2,17890,23780,"sellToSystem(coke, 2210)",3012325.64,0.00,3012325.64,4
Бот 1,79,3,17890,23780,"sellToSystem(iron-ore, 3217.95)",3012325.64,0.00,3012325.64,4
Бот 1,79,4,17890,23780,"sellToSystem(iron-powder, 2000)",3012325.64,0.00,3012325.64,4
Бот 2,79,1,13326,23844,"setOverhaulRequested(01M0FCFVR0FH54DSZ4QWZNN8VZ, True)",50596502.35,9868.42,50586633.93,4
Бот 2,79,2,13326,23844,"sellToSystem(gasoline, 6188.4)",50596502.35,9868.42,50586633.93,4
Бот 1,80,1,14447,23734,"sellToSystem(coal-tar, 1314)",3050297.27,0.00,3050297.27,4
Бот 1,80,2,14447,23734,"sellToSystem(coke, 2210)",3050297.27,0.00,3050297.27,4
Бот 1,80,3,14447,23734,"sellToSystem(iron-ore, 2005.56)",3050297.27,0.00,3050297.27,4
Бот 1,80,4,14447,23734,"sellToSystem(iron-powder, 2000)",3050297.27,0.00,3050297.27,4
Бот 2,80,1,12327,23731,"postSellOffer(gasoline, 1000.0, 5.5-6.0)",50503911.29,9819.08,50494092.21,4
Бот 2,80,2,12327,23731,"sellToSystem(gasoline, 1441.8)",50503911.29,9819.08,50494092.21,4
Бот 1,81,1,15688,24155,"(skipped: fulfillTradeOffer(01M0FEF0RMKQH4P8Q3DHHJG9EF,  @ 5.75) — FulfillTradeOffer requires tradeOfferId, volume, and unitPrice.)",3083908.18,0.00,3083908.18,4
Бот 1,81,2,15688,24155,"setOverhaulRequested(01M0FCF22BGMQB6KT3AXT6HS1V, True)",3083908.18,0.00,3083908.18,4
Бот 2,81,1,15400,23857,"sellToSystem(oil, 1586354.62)",50367465.35,9769.98,50357695.37,4
Бот 2,81,2,15400,23857,"sellToSystem(methanol, 16440.0)",50367465.35,9769.98,50357695.37,4
Бот 2,81,3,15400,23857,"sellToSystem(gasoline, 1386.72)",50367465.35,9769.98,50357695.37,4
Бот 2,81,4,15400,23857,"postSellOffer(methanol, 1000.0, 5.5-6.0)",50367465.35,9769.98,50357695.37,4
Бот 1,82,1,16585,24240,"(skipped: fulfillTradeOffer(01M0FEF0RMKQH4P8Q3DHHJG9EF,  @ 5.75) — FulfillTradeOffer requires tradeOfferId, volume, and unitPrice.)",3082058.34,0.00,3082058.34,4
Бот 1,82,2,16585,24240,"sellToSystem(coal-tar, 2354.8)",3082058.34,0.00,3082058.34,4
Бот 1,82,3,16585,24240,"sellToSystem(coke, 4420)",3082058.34,0.00,3082058.34,4
Бот 1,82,4,16585,24240,"sellToSystem(iron-ore, 6054.48)",3082058.34,0.00,3082058.34,4
Бот 1,82,5,16585,24240,"sellToSystem(iron-powder, 4000)",3082058.34,0.00,3082058.34,4
Бот 2,82,1,10186,23938,"sellToSystem(oil, 415392.26)",53026724.19,9721.13,53017003.06,4
Бот 1,83,1,17875,24075,"sellToSystem(coal-tar, 1022.4)",3141626.85,0.00,3141626.85,4
Бот 1,83,2,17875,24075,"sellToSystem(coke, 2179.06)",3141626.85,0.00,3141626.85,4
Бот 1,83,3,17875,24075,"sellToSystem(iron-ore, 5483.41)",3141626.85,0.00,3141626.85,4
Бот 1,83,4,17875,24075,"sellToSystem(iron-powder, 2000)",3141626.85,0.00,3141626.85,4
Бот 2,83,1,10430,23853,"sellToSystem(gasoline, 2582.28)",53694018.63,9672.53,53684346.10,4
Бот 2,83,2,10430,23853,"postSellOffer(gasoline, 1000, 5.5-6.0)",53694018.63,9672.53,53684346.10,4
Бот 1,84,1,22184,24250,"(skipped: fulfillTradeOffer(01M0FEHN2FCEQYS1ZFHPVWH3QE,  @ 5.75) — FulfillTradeOffer requires tradeOfferId, volume, and unitPrice.)",3183170.78,0.00,3183170.78,4
Бот 1,84,2,22184,24250,"sellToSystem(coal-tar, 910.8)",3183170.78,0.00,3183170.78,4
Бот 1,84,3,22184,24250,"sellToSystem(coke, 2139.28)",3183170.78,0.00,3183170.78,4
Бот 1,84,4,22184,24250,"sellToSystem(iron-ore, 5654.68)",3183170.78,0.00,3183170.78,4
Бот 1,84,5,22184,24250,"sellToSystem(iron-powder, 2000.0)",3183170.78,0.00,3183170.78,4
Бот 2,84,1,11702,23694,"sellToSystem(gasoline, 1182.6)",53627792.17,9624.17,53618168.01,4
Бот 2,84,2,11702,23694,"postSellOffer(methanol, 1000.0, 5.5-6.0)",53627792.17,9624.17,53618168.01,4
Бот 1,85,1,15833,24472,"(skipped: fulfillTradeOffer(, 1000 @ 6.0) — FulfillTradeOffer requires tradeOfferId, volume, and unitPrice.)",3224136.65,0.00,3224136.65,4
Бот 2,85,1,11032,23848,"sellToSystem(gasoline, 1101.6)",53504204.92,9576.05,53494628.88,4
Бот 2,85,2,11032,23848,"sellToSystem(methanol, 10833.96)",53504204.92,9576.05,53494628.88,4
Бот 1,86,1,10549,24553,"setOverhaulRequested(01M0FCKEMVVE1PSZ7A8G899NZ1, True)",3221021.35,0.00,3221021.35,4
Бот 2,86,1,14546,24011,"postSellOffer(gasoline, 1000, 5.5-6.0)",53361078.42,9528.17,53351550.26,4
Бот 2,86,2,14546,24011,"sellToSystem(oil, 500000)",53361078.42,9528.17,53351550.26,4
Бот 2,86,3,14546,24011,"sellToSystem(methanol, 2000)",53361078.42,9528.17,53351550.26,4
Бот 1,87,1,15822,24524,"(skipped: fulfillTradeOffer(01M0FEM9164GAAEZYHN1HB9K4Z,  @ 5.75) — FulfillTradeOffer requires tradeOfferId, volume, and unitPrice.)",3215477.03,0.00,3215477.03,4
Бот 1,87,2,15822,24524,"sellToSystem(coal-tar, 2538)",3215477.03,0.00,3215477.03,4
Бот 1,87,3,15822,24524,"sellToSystem(coke, 6090.76)",3215477.03,0.00,3215477.03,4
Бот 1,87,4,15822,24524,"sellToSystem(iron-ore, 41197.86)",3215477.03,0.00,3215477.03,4
Бот 2,87,1,19261,23942,"sellToSystem(gasoline, 1934.28)",54018187.03,9480.52,54008706.50,4
Бот 2,87,2,19261,23942,"sellToSystem(methanol, 3112.84)",54018187.03,9480.52,54008706.50,4
Бот 2,87,3,19261,23942,"sellToSystem(oil, 500000.0)",54018187.03,9480.52,54008706.50,4
Бот 2,87,4,19261,23942,"postSellOffer(gasoline, 1000.0, 5.5-6.0)",54018187.03,9480.52,54008706.50,4
Бот 2,87,5,19261,23942,"postSellOffer(methanol, 1000.0, 5.5-6.0)",54018187.03,9480.52,54008706.50,4
Бот 1,88,1,16722,24957,"(skipped: fulfillTradeOffer(01M0FEM9164GAAEZYHN1HB9K4Z,  @ 5.75) — FulfillTradeOffer requires tradeOfferId, volume, and unitPrice.)",3321336.04,0.00,3321336.04,4
Бот 1,88,2,16722,24957,"(skipped: fulfillTradeOffer(01M0FENBAQB00CXN9DS13JFNJJ,  @ 5.75) — FulfillTradeOffer requires tradeOfferId, volume, and unitPrice.)",3321336.04,0.00,3321336.04,4
Бот 1,88,3,16722,24957,"sellToSystem(coal-tar, 2000.0)",3321336.04,0.00,3321336.04,4
Бот 2,88,1,11854,24411,"sellToSystem(oil, 800000)",54685660.56,9433.12,54676227.44,4
Бот 1,89,1,13502,24623,"sellToSystem(coal-tar, 1080)",3325105.63,0.00,3325105.63,4
Бот 1,89,2,13502,24623,"sellToSystem(coke, 3699.54)",3325105.63,0.00,3325105.63,4
Бот 1,89,3,13502,24623,"sellToSystem(iron-ore, 27630.69)",3325105.63,0.00,3325105.63,4
Бот 1,89,4,13502,24623,"sellToSystem(iron-powder, 9908)",3325105.63,0.00,3325105.63,4
Бот 2,89,1,16695,24250,"sellToSystem(oil, 300000.0)",55854066.18,9385.96,55844680.23,4
Бот 2,89,2,16695,24250,"postSellOffer(gasoline, 2000.0, 5.5-6.0)",55854066.18,9385.96,55844680.23,4
Бот 2,89,3,16695,24250,"postSellOffer(methanol, 2000.0, 5.5-6.0)",55854066.18,9385.96,55844680.23,4
Бот 1,90,1,12162,24573,"(skipped: fulfillTradeOffer(01M0FEQ4T9WZBZA3VNGKJ0H9AF,  @ 5.75) — FulfillTradeOffer requires tradeOfferId, volume, and unitPrice.)",3431989.37,0.00,3431989.37,4
Бот 2,90,1,16478,24505,"setOverhaulRequested(01M0FCP8J3J46B7XZNK9X7X1PR, True)",56174785.35,9339.03,56165446.32,4
